,msft_close,aapl_close,googl_close
msft_close,1.0,0.46135314142382844,0.6117292377353735
aapl_close,0.46135314142382844,1.0,0.3900370668439301
googl_close,0.6117292377353735,0.3900370668439301,1.0
